build,8
master,7
install,7
use,7
open,6
badge,6
work,5
provide,5
machine,5
follow,5
high,5
support,5
run,5
blob,5
data,5
test,5
start,5
notebook,4
classification,4
function,4
depend,4
entry,4
branch,4
base,4
require,4
image,4
author,4
testing,4
contain,4
find,4
create,4
want,4
read,4
pandas,3
title,3
learning,3
question,3
logo,3
research,3
text,3
black,3
interested,3
slack,3
production,3
ml,3
output,3
guide,3
make,3
date,3
train,3
develop,3
structure,3
point,3
information,3
stable,3
time,3
enable,3
year,3
advanced,3
minimal,3
feature,3
instruction,3
paper,3
plot,3
clone,3
ask,3
easily,3
automatically,3
currently,3
join,3
true,3
deploy,3
note,3
help,3
view,3
fashion,2
iris,2
algorithm,2
training,2
sentiment,2
answer,2
focus,2
current,2
consistent,2
endpoint,2
goal,2
multiple,2
define,2
capability,2
approach,2
tabular,2
bash,2
categorical,2
prediction,2
reference,2
table,2
positive,2
call,2
classifier,2
additionally,2
mean,2
case,2
particular,2
local,2
option,2
optimize,2
customization,2
wish,2
basic,2
journal,2
auto,2
gallery,2
tree,2
load,2
maintain,2
style,2
constrained,2
beautiful,2
write,2
link,2
group,2
online,2
add,2
know,2
understand,2
science,2
root,2
feedback,2
manner,2
explore,2
task,2
simplify,2
individual,2
exploratory,2
post,2
set,2
adaptive,2
automate,2
accessible,2
dependencies,2
resource,2
platform,2
newly,2
storage,2
save,2
required,2
graph,2
range,2
accuracy,2
lambda,2
efficient,2
official,2
analysis,2
azure,2
predictive,2
format,2
accept,2
architecture,2
contributing,2
terminal,2
performance,2
line,2
neural,2
channel,2
false,2
team,2
detailed,2
content,2
thank,2
organization,2
discovery,2
search,2
visit,2
web,2
trust,1
give,1
negative,1
pillow,1
summarize,1
anchor,1
aim,1
confidence,1
cat,1
kernel,1
explanation,1
single,1
method,1
income,1
continuous,1
apply,1
quality,1
van,1
adult,1
message,1
score,1
housing,1
miss,1
monitor,1
unify,1
additive,1
detection,1
alibi,1
logistic,1
prototype,1
handle,1
explain,1
adversarial,1
interpret,1
measure,1
reduction,1
box,1
initial,1
metric,1
drift,1
inspection,1
algorithms,1
explanations,1
linearity,1
pertinent,1
concept,1
sister,1
specific,1
coca,1
extension,1
detect,1
regression,1
interpretation,1
movie,1
notebooks,1
deliberate,1
northern,1
asset,1
interest,1
leverage,1
tag,1
stand,1
compare,1
guarantee,1
origin,1
difficult,1
wiki,1
inherit,1
generate,1
launch,1
size,1
quickly,1
challenge,1
friendly,1
encode,1
burden,1
lite,1
unique,1
creation,1
force,1
click,1
incidental,1
interactive,1
shape,1
row,1
month,1
suite,1
summer,1
philosophy,1
bright,1
ordinal,1
filter,1
core,1
cognitive,1
pick,1
solution,1
observed,1
export,1
thing,1
certainly,1
assemble,1
experience,1
citing,1
comp,1
serialize,1
necessarily,1
map,1
coding,1
great,1
car,1
numerical,1
ilia,1
unfortunate,1
native,1
lab,1
visualize,1
property,1
tidy,1
meaning,1
facet,1
rendering,1
choice,1
voyager,1
realize,1
trans,1
grammar,1
quantitative,1
elegant,1
bar,1
interaction,1
appropriate,1
spec,1
statistical,1
hand,1
flag,1
construct,1
programmatic,1
transformation,1
checkout,1
selection,1
variable,1
correspond,1
purely,1
academic,1
form,1
proliferation,1
mishmash,1
layered,1
excellent,1
render,1
lees,1
internal,1
exist,1
color,1
conformance,1
prove,1
brush,1
limit,1
histogram,1
unnecessary,1
points,1
modification,1
initially,1
collaboration,1
simplicity,1
level,1
publisher,1
visualizations,1
sample,1
feel,1
graphics,1
actual,1
design,1
effective,1
visualization,1
display,1
position,1
infer,1
visual,1
wade,1
dozen,1
difficulty,1
emit,1
powerful,1
believe,1
live,1
constellation,1
hemisphere,1
separate,1
perform,1
scatter,1
produce,1
omit,1
carefully,1
welsh,1
starting,1
address,1
specification,1
declarative,1
polestar,1
probably,1
consist,1
bib,1
spend,1
nominal,1
close,1
viz,1
column,1
reinforcement,1
ability,1
decision,1
lightweight,1
kind,1
manager,1
speed,1
setting,1
recommendation,1
agent,1
strike,1
flexibility,1
state,1
world,1
real,1
magnitude,1
experiment,1
versatility,1
response,1
understanding,1
modern,1
constrain,1
consult,1
infinite,1
wheel,1
art,1
modeling,1
identify,1
fully,1
managing,1
integration,1
moment,1
overhead,1
elaborate,1
dynamic,1
purpose,1
bound,1
experimentation,1
processor,1
noise,1
utilization,1
power,1
static,1
computation,1
actually,1
efficiency,1
ax,1
optimization,1
introspection,1
bleed,1
mathematical,1
later,1
bandit,1
increase,1
assist,1
concise,1
improve,1
booth,1
reload,1
combine,1
store,1
exploration,1
space,1
gear,1
edge,1
process,1
global,1
strategy,1
balance,1
optional,1
recommend,1
possibly,1
configuration,1
optimal,1
afford,1
noisy,1
allow,1
offer,1
simulation,1
min,1
artificial,1
order,1
anaconda,1
evaluation,1
loop,1
scheduler,1
modal,1
panda,1
integrate,1
specifically,1
external,1
completeness,1
ease,1
latest,1
general,1
unified,1
helpful,1
language,1
martin,1
pronounce,1
comparison,1
checking,1
welcome,1
posterior,1
diagnostic,1
sponsor,1
guidance,1
wrapper,1
forge,1
tr,1
conduct,1
installing,1
scientific,1
actively,1
tip,1
article,1
deep,1
predictor,1
strong,1
inc,1
accurate,1
toolkit,1
job,1
publication,1
mu,1
topic,1
structured,1
upload,1
blog,1
medium,1
hang,1
mar,1
overview,1
maximize,1
achieve,1
div,1
robust,1
nick,1
engineering,1
rectify,1
consequential,1
computer,1
loss,1
indirect,1
news,1
proceeding,1
suitability,1
party,1
solely,1
song,1
glitch,1
margin,1
defense,1
warranty,1
direct,1
activity,1
right,1
lack,1
communication,1
disclaimer,1
immediately,1
problem,1
special,1
encounter,1
block,1
gratefully,1
knowledge,1
appreciate,1
shell,1
regard,1
backer,1
templates,1
undergo,1
damage,1
suffer,1
financial,1
agency,1
compatible,1
twitter,1
acknowledge,1
college,1
final,1
short,1
projects,1
responsible,1
let,1
mining,1
administer,1
express,1
imply,1
usability,1
leave,1
contract,1
greatly,1
conference,1
functionality,1
contributor,1
basis,1
program,1
liable,1
accordingly,1
graphs,1
international,1
client,1
university,1
risk,1
serialization,1
sphinx,1
exclusively,1
sunset,1
atop,1
subscription,1
sit,1
zine,1
quick,1
unit,1
necessary,1
conversion,1
parse,1
iterate,1
body,1
convert,1
discontinue,1
discover,1
course,1
teach,1
parser,1
discussion,1
script,1
scrape,1
home,1
plan,1
complete,1
professional,1
personal,1
comprehensive,1
reason,1
continue,1
temporary,1
print,1
idiom,1
modify,1
advantage,1
pkg,1
links,1
soup,1
bad,1
impossible,1
free,1
browser,1
artifacts,1
rapidly,1
look,1
day,1
pet,1
tracking,1
org,1
framework,1
alternatively,1
figure,1
expect,1
orchestration,1
cancer,1
examples,1
hear,1
related,1
win,1
bake,1
fast,1
active,1
predict,1
bundle,1
input,1
beta,1
disk,1
end,1
choose,1
following,1
micro,1
deployment,1
salary,1
comment,1
practice,1
management,1
context,1
try,1
header,1
transition,1
batching,1
serve,1
turn,1
specify,1
echo,1
discuss,1
pack,1
toxic,1
def,1
artifact,1
legend,1
action,1
cloud,1
access,1
archive,1
survival,1
rest,1
curl,1
directly,1
hour,1
docker,1
releases,1
major,1
change,1
dashboard,1
anonymous,1
debug,1
titanic,1
prostate,1
update,1
absolute,1
future,1
collect,1
ready,1
opt,1
loan,1
evolve,1
age,1
league,1
send,1
flexible,1
container,1
list,1
default,1
return,1
